,pc1,pc2
0,-0.2188341687878308,3.9018598344334365
1,6.400474658583861,3.2190337818607437
2,2.1343224288804987,0.3987238394826097
3,-9.926450086268579,-1.4266244742185057
4,4.306010603086707,0.5902123231223593
5,0.9795012563817282,-2.146157015667517
6,2.944142276468257,5.371522451835053
7,-0.03244586753162024,-3.782429323995865
8,7.356669494633345,-1.2678697879795615
9,3.198508729109865,0.9888249706347272
10,4.126922181777544,1.8008323060628402
11,2.4290727492331343,-1.6419100358988838
12,-9.892562002633271,3.5572971258119845
13,-10.109373360261356,3.905882594541672
14,-9.875363698724021,1.588215443472376
15,3.7150909538601784,2.2720649058156104
16,9.002143826263707,0.5648058494539421
17,3.709023450646047,3.5408267784581122
18,2.3801794376166954,-2.12549938396928
19,-9.859933409465862,3.347532577326621
20,3.655354142952313,3.470460252985556
21,-4.763068288991102,3.690379159429518
22,1.2975981902199287,1.1470514725301433
23,6.009235616894971,-1.6278002682905008
24,9.689795602727203,1.3539615537072447
25,8.119018719924018,1.2353553036275773
26,1.359164173987862,3.523093448037061
27,2.1842988829156957,4.056962178702079
28,2.8405697975122455,1.1383471079600784
29,-1.3790238958255596,1.9351260530545014
30,-10.18661206770488,-2.8827427009611934
31,-10.275817440500184,-2.896550516607258
32,-10.211857988033515,-2.7062516778208745
33,-9.90646267051665,3.554320354997433
34,2.7228458924337935,1.7414423406712376
35,-9.987670106328483,3.5744227957762584
36,-10.211857988033515,-2.7062516778208745
37,9.674253634122714,-2.8993363451047105
38,2.7601128281238108,2.199444581492042
39,4.251732277051501,3.2136879854539906
40,10.065324482525527,-1.611879697940657
41,2.4075255907720208,1.725163268646546
42,-10.066895042401384,3.7909232823658416
43,-0.2006122772322389,4.025602498727284
44,5.32921407991773,0.6507642304169003
45,-0.36602745660100655,4.277649402195002
46,-10.205045404545404,-3.015670677967152
47,-0.5352550919367057,3.394404576893926
48,0.5018748235920929,3.270175402152076
49,2.1336122941819897,3.1806362763255396
50,-10.203662382043335,2.021991492110261
51,-10.296344047053823,-3.5937077611315864
52,-9.985422465095459,4.260606316149746
53,5.238312472482164,0.3439240592925061
54,-10.24044288483514,2.0594292755757087
55,2.4470041325987792,-1.2805822429812639
56,4.6414356593888035,-0.07822411460462977
57,-0.36427924775772497,3.2737176337691913
58,6.714657811204811,1.792014403760704
59,6.875631364274413,4.217339498837768
60,1.972886687320186,-4.013755874139337
61,-0.07865269406640055,-3.7323240054171474
62,-10.246336675168807,1.998323455250536
63,-9.893960907706354,3.5230855790304556
64,4.425746911854842,1.0912894370076724
65,-1.4325362094021938,-4.299689835196584
66,4.756595091251343,3.523590296275625
67,10.079192018509804,-1.6093294394000068
68,-10.196279305778198,-3.0444522068759126
69,-0.9014458795144512,3.41992221584458
70,-9.892559642574199,3.5009651812008142
71,-10.211524250843873,-3.478242228660335
72,-4.242720236870415,3.327785452078377
73,2.736748869820004,-2.1799691623058943
74,-10.011182923564927,4.225987752845377
75,10.019169803791858,-1.3715889020079972
76,-9.874601861656737,4.01781048599169
77,3.8599146663675423,3.0980319774153697
78,-9.825469405930312,3.609275666830491
79,3.766751528133446,2.5487747023849736
80,5.582246514441595,-0.4141674684034453
81,-2.486884979159544,3.803234336042081
82,-1.0788278125464308,3.8871998781735284
83,5.72289050949549,2.595056684670778
84,-10.2086408950628,2.157609577432522
85,-10.134441857585509,-2.91492681516715
86,-10.165172384303226,-3.4096517478089226
87,4.673438924088167,2.4006112382476523
88,11.97488631024229,3.279294275140858
89,3.6152214469604687,-3.242980941660117
90,12.485202299204735,-2.547384080524968
91,-0.07683283101236946,3.9263842036430034
92,-10.28657000703524,-0.6767019370728027
93,2.006869279170646,-2.5709992859641253
94,1.3617522619149869,3.447870846519654
95,9.188607452502508,2.538898266748543
96,-10.222345577930355,-3.4842168118676735
97,-9.969537673654695,4.438173336923787
98,1.8817967262862143,-0.6618011282027593
99,-9.952344886902265,4.201499287274151
100,-9.9693546776601,4.283850457806037
101,-0.8757686450705967,3.721338472512911
102,2.046226180228237,-3.896404908529855
103,-0.18108387791623187,5.120391670361463
104,3.950969242741612,-0.4964128651942298
105,1.219974125203262,-2.58279733073978
106,0.5817689852993038,3.780834520688111
107,10.162238515527326,-1.720779295459259
108,8.11071485443222,-2.8326850231049714
109,7.059015374486455,4.291385525078134
110,4.528041623294112,2.2250969813628827
111,-9.853240904613717,0.0939821069502039
112,2.1730571331980357,-3.6945291597025642
113,5.44297978966662,2.1447355099215217
114,-9.950292449187703,4.326143610309959
115,5.3705573331809795,3.724989761234212
116,-1.3591405932221403,-4.177988678619004
117,-9.905723731128118,4.421454322547092
118,-9.794670960340914,4.971645944703854
119,0.08426064014133335,4.805145895193634
120,-3.3622699432532017,-0.5581748415435624
121,-9.93328501848894,4.300124384389243
122,8.6540929679682,1.9572661776933917
123,-9.686786412503434,4.582921165441548
124,-9.94812259853228,4.327444823033015
125,-9.914121541120583,4.404835713106559
126,-9.734603717139393,4.464365504791888
127,-9.963927290124191,3.809689246199109
128,-9.90024801753706,4.172827147317506
129,-9.70610562053799,5.102417118223286
130,-9.721694159006454,5.354650644025277
131,-9.914121541120583,4.404835713106559
132,-9.700189948315783,4.422616295056562
133,-9.714079751710731,4.062444242763593
134,-9.748400434071886,4.791775103220053
135,-9.891542833572593,4.415779462172886
136,-9.924846516305692,4.1302610223455
137,2.833675894659124,-1.6126385026258188
138,-9.891771483679745,4.230042629200152
139,-2.1718326948376854,5.506433179244835
140,-9.894333755123807,4.24762032568218
141,-9.891542833572593,4.415779462172886
142,-9.872918680001389,4.136891811791409
143,-9.894333755123807,4.24762032568218
144,-9.924846516305692,4.1302610223455
145,-9.867529379977462,4.338695591026103
146,-9.874495200630928,4.019918268952944
147,-9.517726532097605,5.54143282511047
148,-9.66049331613378,5.98549891229656
149,-9.87638898204755,4.10120458513466
150,-9.664658779535202,5.901466357932497
151,1.2252218427753965,5.780363149368934
152,-9.869122572115298,3.9805403866164584
153,-9.891197487949494,4.397277720939348
154,-9.877877488016635,4.011721421450601
155,-9.660504657379267,5.753490653612021
156,-9.881512906599276,4.033011459485143
157,-9.885918190963858,4.0613888028440295
158,-9.947015112897638,3.743492982640571
159,-4.397819935755766,3.2473420261638077
160,-10.244084297648747,-3.4848199310406294
161,2.46161548403343,-1.607801953063285
162,-9.939834292080922,1.712009044385379
163,9.677590874520424,-1.52369116816158
164,-10.257731907518703,2.229648823269579
165,-9.982331952595157,1.1405453363561955
166,-10.240737316619276,1.7645017659047015
167,6.898648004467346,0.43642632837275275
168,4.059584015602426,-3.188871084993062
169,6.677384178976492,3.3239163146533808
170,12.156458408879757,-1.2953758269461084
171,-10.297579342086088,-2.4552611167579603
172,10.667850351612918,3.873840885341755
173,5.97342115229272,3.2906010861816375
174,-10.352144467768902,-1.4940278049792042
175,-0.9838989553000704,3.5012920949869004
176,7.023614370865329,-0.9783763838888064
177,-1.822097264672145,1.0369197543266375
178,7.767532012903778,-2.748528046358666
179,2.9389762213845327,1.126547714267353
180,-0.9724730124692039,3.345803137901795
181,9.351951088921064,-1.4054955008800276
182,-4.885677947145542,4.002025538083119
183,3.404480702919931,4.754234459990863
184,2.7077295407937507,2.078903845500413
185,3.250934715277107,2.971782543799547
186,-10.217530573882108,-3.498146854519371
187,-6.56843173716394,3.793196527630783
188,-0.005302665727569264,3.84980965034768
189,4.755506415342527,1.3387458746944585
190,10.143213174481083,-1.5338792548707363
191,3.125887628658977,3.7901279764136895
192,-9.791188812800627,3.6031279016961952
193,2.559809754708103,-1.637207499934809
194,-9.886653407626781,3.6795389767212896
195,3.4077622792076308,-0.9113637695753052
196,5.192290899031471,1.608655739931423
197,0.9946317709278507,-2.102540051290243
198,-10.35459449409376,-1.3747680628089345
199,-10.01088075195998,4.157136785474927
200,-9.876195166119812,1.0478793391279977
201,2.434888588604651,2.3772713255925177
202,2.400081969102648,3.283624585581024
203,7.44692227735487,1.8261178273441079
204,-1.4402760913198258,-0.6116475504638924
205,2.456919073494614,1.426875797624798
206,4.322644752069105,1.1495993648161624
207,-9.97488620553422,4.082969589664942
208,-9.773085619772447,4.625417893168245
209,-9.714448476529677,3.4497650671387
210,-9.950294809246774,4.382475554921129
211,-3.3622699432532017,-0.5581748415435624
212,-9.93641892560418,4.094135044520906
213,2.2889641031957484,3.3698704741930245
214,-9.864269609309675,0.22320136456380857
215,-9.90024801753706,4.172827147317506
216,-9.677386894464659,4.488666612527858
217,10.648074000099399,3.7949778885159304
218,2.1124795796169114,-3.7907700790108407
219,-9.885396405928292,4.426399265537543
220,-1.292859678037229,-4.068909576076512
221,-9.769187803637127,0.3599406485131818
222,-9.66372379721678,5.837401787916861
223,-9.894676740687833,4.209790122304548
224,-9.707040602856411,5.166481688238922
225,-9.721694159006454,5.354650644025277
226,-9.87732396436597,4.165269155150296
227,-9.891197487949494,4.397277720939348
228,-9.6614282984522,6.049563482312195
229,-9.722629141324875,5.418715214040913
230,-9.871983697682968,4.072827241775774
231,-9.90663982850486,4.107285423287954
232,5.6107802279572,3.4815882292964644
233,2.448189631708649,-1.6752870800943918
234,-10.251370381857976,-1.6337289181916255
235,5.325035887545924,1.3436741336016336
236,-9.680081734903323,4.01075581482191
237,-9.868388334597903,-0.3160593934993207
238,3.321587162186559,1.0681959025227432
239,16.161799761999,1.9165508149186987
240,-10.387466982793534,-2.7629405361291823
241,-10.149405373552439,1.8074724611306932
242,1.0882786655769028,2.7931663454102345
243,11.08186068021021,3.0576118531228005
244,3.4072826648877483,1.2637698888169726
245,2.8075917635330065,1.3111719472553094
246,11.02693513983187,2.948316665892156
247,-2.3114520837925108,-3.7077860865053487
248,-10.342302396941397,-1.9483802995531678
249,1.635139342020905,1.3362066144590088
250,-5.150134812539311,0.32388536225682385
251,0.8595765111947793,3.4752397707368954
252,-10.584664739097104,-2.668140940395976
253,4.977121015542124,2.5907410491258966
254,6.880539530790515,1.8709493736403806
255,4.263704248586821,-4.350648370138632
256,2.969720751086563,0.5391235659917569
257,-10.399212336152036,-3.341050947601193
258,-10.432546311280174,-2.7951493242952883
259,2.086974223955811,2.3877325084516117
260,6.9959518657663065,2.27781113990998
261,-10.29162941216473,-2.092501087600712
262,-10.38210629823606,-3.0302521078956426
263,-0.39014814295997174,3.883884742253607
264,-10.317861474808241,-2.671307161000735
265,-10.436286100039302,-2.860665809439206
266,3.9446962184148733,2.4527930091377943
267,-0.1761114356963111,-4.001608846313071
268,2.772643615749796,0.7767746615563695
269,3.5701767974092715,-0.07838203743891348
270,1.7118171094438657,1.3799852284702512
271,1.2466665860674435,1.5310058183007496
272,-10.393537280266127,-3.6351827198180438
273,6.4831863791980835,-0.9684277639806161
274,1.8444678473360456,-4.219311209634505
275,6.977971380167361,0.7804995306769256
276,4.063964166898529,2.951202250839955
277,5.876031919562696,1.2191359015776408
278,-3.367853747433843,4.266933327947337
279,-1.6211381302368804,1.2380543869829075
280,-10.095751982818136,1.877717488382604
281,5.085565955960984,2.302839466757749
282,-10.120210811577344,1.7281045626053047
283,4.344246189024653,1.9651828248907204
284,0.5460654763950478,1.3569749602230525
285,10.0337483939311,2.9489328803184716
286,10.350420149205938,2.430553471371775
287,8.013671590448256,0.6357068700997367
288,16.269969400895036,1.9339240122343444
289,5.438812087139684,2.4548433820079634
290,-10.341102327733259,-3.2971416785351733
291,10.186105265045319,2.7404410005515105
292,2.204441296204876,2.3385370951304885
293,-4.333796195655135,1.4560001311685515
294,7.199914610681624,1.569361323827323
295,11.861707897021521,2.972433416551092
296,0.06607953835510572,1.1101905689062477
297,0.6999843715444924,1.3041949762604803
298,7.47965032893193,-1.3493364903677147
299,-1.5603907450968701,-4.514944600248403
300,-6.896422477211987,1.6690121155767703
301,4.208265631395894,0.5623502590642204
302,6.900568877418152,0.16026121320175377
303,11.716936380973976,2.13373328753044
304,7.961699380823462,0.7854618087268759
305,-10.273721770447782,2.2241401889837236
306,2.404613397913368,3.1560290611929047
307,12.002311339161992,2.6046052028595486
308,2.404613397913368,3.1560290611929047
309,9.116086300444286,-1.7905689550613981
310,-10.320953685982541,-3.572995609201957
311,16.321660456650722,1.6634294633166675
312,-7.11394198596299,-2.978922318737286
313,-10.62276307007955,-2.5748683356917166
314,-4.339060541539718,1.3988297767769633
315,-10.242303726788197,1.7593107683250337
316,-10.68844046802655,-2.863710650076321
317,7.714338253325702,3.310876684079033
318,4.456827632518375,1.4669048834352392
319,7.788056061373236,0.5559984257504236
320,3.6173223452821444,3.0249881464695783
321,6.804058059170046,1.0409163680130313
322,1.748357215021079,2.391819604755103
323,-10.429454769185982,-3.621562455745515
324,-10.049319324840813,1.8824896180926958
325,-10.293331943666788,2.155533772456962
326,-9.997458049709266,1.672920895492602
327,2.1415264542573342,2.682505361026422
328,-10.32173551536615,-3.1244255865543162
329,-0.5548499035308878,1.511012023000111
330,7.858542713148398,1.483647607948239
331,0.5934359136115396,1.258227863878674
332,1.2186107272019033,1.4870782342467714
333,4.199343992927424,1.2210320102333905
334,6.338231232550257,-0.2699111826354993
335,-10.21968593162479,-2.018314071045295
336,11.00686789146284,2.8689562541606257
337,2.5973793883793084,2.748775853121086
338,3.1831566072686766,3.002870409766967
339,4.717072487729157,0.9211906222621478
340,-2.2658407398244056,-3.630164893922077
341,-10.03638078357571,1.714545622319277
342,2.1980745412794596,2.859705967109134
343,7.557405615494599,1.8299556823614922
344,-3.367853747433843,4.266933327947337
345,7.2240695717369015,-2.1202724249941025
346,9.674253634122714,-2.8993363451047105
347,4.063964166898529,2.951202250839955
348,-10.032095075075784,1.3005904633649015
349,4.394347393680768,4.363895349251395
350,-0.1636299793444652,-3.875935156419233
351,-1.09206355515808,-2.178538711215994
352,8.01726464764291,0.43319008144994064
353,-2.739115342481659,3.5725699993837257
354,1.9516932513585872,-3.211208226736713
355,-10.071920057949566,1.380232421981812
356,6.23935738916773,1.2186520280251214
357,1.8902503720986539,-4.146075955447148
358,7.275185400957916,-1.8009875160741846
359,4.159165076214995,-0.937911274468607
360,0.06865298313142892,0.40026086562309965
361,-10.226843909126364,2.1457349875776255
362,9.946321402816025,2.962631397483436
363,-10.343653530825419,-2.5581115741395126
364,3.007852272345197,1.716426674204529
365,-10.16429723553867,2.1717757041697676
366,-10.173779885164693,2.3811926989399144
367,-10.312411993902856,-3.026325954538506
368,1.295969464417094,2.7695269417028934
369,12.20825181083364,3.724512215774097
370,-10.261803157011437,2.1440559980280463
371,4.359946577033138,3.2181551260223835
372,-10.061099683165297,3.3704883969890673
373,5.847691066378968,4.176103714336533
374,5.34417713414192,3.0077018966138698
375,9.42447806245218,-1.632324956661892
376,7.767532012903778,-2.748528046358666
377,-1.8092537076525188,3.257103499399651
378,-10.260717003424338,-2.9823759216668817
379,-10.614716123657672,-2.546394443557462
380,3.467489492821652,0.8648865957894616
381,8.557847607695747,1.320719794152242
382,11.12967965888586,-1.8117211621906282
383,1.6714973606711327,-1.0083650340554011
384,4.6377061395120895,2.643977894900366
385,9.944508891908953,2.8508545868217925
386,6.147942709680169,2.9540480936062385
387,11.282498435327794,3.5474247097048606
388,9.723840764047237,1.8583290649096988
389,3.2674216592437166,3.1597607597258937
390,7.767532012903778,-2.748528046358666
391,2.8212215437092083,0.4872978680729715
392,-9.9526038849043,1.501087494323059
393,-10.101600849382141,3.819270779811782
394,4.58302895269507,-0.11874402890290972
395,-10.358966341935467,-2.984206217995776
396,-1.2249437191068713,2.659233294557238
397,-1.4003317239723785,-3.427271775145094
398,-10.309951149145649,1.9656209987658972
399,2.975872927822973,1.5300493545932499
400,2.786412633808564,1.8569523088403292
401,8.046096080337714,0.23265731138789464
402,2.5408655558803144,-0.023905321054199537
403,-2.3351597912775968,-3.607611409917643
404,2.5424467155945734,-1.3873948171407238
405,1.8164438237945246,0.4997255641337214
406,3.8487356938427526,1.7406481419912228
407,-10.389473987052837,-3.0773602927113015
408,7.581565434317694,-1.0151887471566876
409,11.811826269869512,2.0152987196653895
410,10.341125645067018,1.5051691142343357
411,8.805341322557428,3.228687479425675
412,5.866850273607172,1.2538352745722188
413,-0.4140685038696954,-4.415485315455546
414,-10.1054023056754,1.432031426800616
415,-10.303205348203134,1.9879762139325714
416,10.009149895162468,2.906366755346466
417,2.5926356931353616,2.278290623311154
418,2.1426254116526757,2.6287512748408464
419,-2.508190943507343,2.3629154523452294
420,4.013588384526938,1.1764815465079363
421,3.3381848932883433,0.8222269032747651
422,9.450811504881448,-2.108656215168075
423,10.246899894665553,1.1102357787256492
424,9.484570847366271,-1.7765212589588841
425,1.313211842980996,2.093174529500233
426,-10.6205824141357,-2.5666734550496004
427,-10.30066837344432,2.133987834733401
428,-10.019730248976384,1.9455603738388545
429,0.5883157430333567,1.241259898778495
430,-10.193484516361194,1.985633071765852
431,1.800861736902028,1.0716083469253435
432,-10.377494230295671,-2.5459231979198247
433,5.470730008354855,2.3849031710652637
434,-2.416732048787646,-3.6125196198614637
435,-10.149488729636728,1.875702568365079
436,19.145039106745177,-0.7272760901779964
437,9.461144925149515,-1.8687505327641067
438,-10.296066871408874,-2.7390541182401815
439,-10.289709458034292,1.8607074912675674
440,5.681056421723119,3.32862757280586
441,4.971923943976058,1.6072821721596848
442,10.373330373376616,1.651907210329418
443,4.3108355842218895,-4.274859657936119
444,1.0083954344765746,-3.3140647625666855
445,2.401811277295745,1.4816500586385706
446,-0.11148087883054579,-3.9169201227793433
447,1.1345620036569009,-2.5621291992487
448,2.9714989432936747,2.1829024264776806
449,-2.9277008822170676,0.7206817097965572
450,1.9328493129894442,-4.077751958163773
451,10.175010335847134,2.4088499149788545
452,4.34723305010847,2.686990082379351
453,12.089502462464301,3.073890387324812
454,12.24958450522561,2.747257221468868
455,-3.379711172492491,4.299962533372474
456,1.0472875200543403,-2.838892238923033
457,4.173900613396644,3.7857536768576825
458,5.428634369390502,2.309482957666421
459,-9.950939396201864,3.5581322203540338
460,11.221740198320358,2.4642330671040416
461,-9.964733865804408,1.4292669315229432
462,9.42447806245218,-1.632324956661892
463,2.4641673901672663,-1.5371563555768788
464,-10.26585701689658,-2.993048220635442
465,-10.358085407369106,-3.6343731515928503
466,8.38722979612584,-1.879665385347235
467,8.613995402579938,4.024721327983077
468,2.5292049939692323,-2.114333735570196
469,1.454633098004546,1.827302208951435
470,5.084645716116651,3.2227186625270967
471,5.327403604180204,0.3704895762433353
472,1.3665322858177127,1.795124978200791
473,1.6510279262184433,4.6511876568950035
474,7.05202587702087,0.8974416834178295
475,9.380361300201672,-2.974612280840107
476,-1.472643549263255,1.0400179261598093
477,-0.3449116287624071,-3.9935207291885346
478,-0.5954854956553933,1.570691227727875
479,-1.664528140207235,-4.066087602616936
480,-1.5582468037455022,0.7220806691343605
481,5.172267772677059,0.47747578329664464
482,0.5620531639815564,1.7204076579392085
483,-1.6925749516835253,-4.4134466149376825
484,1.9377619743575543,0.49813808316447705
485,-2.439360473323229,-3.8237273242532943
486,-1.5311820771025588,1.2350927395488098
487,-3.669511486677109,-3.9496301611960223
488,-5.403977064200502,0.1205729151010654
489,-3.588671653824536,3.12724963676662
490,-10.614853453984768,-2.9608047557790265
491,-0.1040032705205689,1.0452417799622273
492,9.005966125993364,-3.8648945352815174
493,-2.6866450693237445,2.5669964395043956
494,5.633192734091878,0.988197479244761
495,3.493409279162328,1.7207904447966351
496,-0.4306950692907954,0.7594052987058644
497,-0.5464957425895193,2.7314926113836115
498,-1.6294019751725677,-4.25405936247969
499,1.7317502692040927,0.832563449999109
500,5.072240625626686,1.9667708031610003
501,-1.8302602958648182,1.465676737642329
502,-1.6906958626770836,-4.618568275330579
503,1.0834946281319167,-3.6358108424485107
504,9.760367309176553,-1.0900588165062828
505,5.372108735471735,1.4369814114929436
506,3.464006647766033,1.053818870077101
507,4.28718825062194,0.716907174959145
508,-10.531595044096818,-3.127703287526982
509,1.1186117554529291,-3.0540190768477595
510,5.199233551727792,1.4365675530424438
511,-1.6974521224694104,-3.9723415319873765
512,1.4353634189490585,1.4810585317692677
513,9.103646222272294,0.9915362475497721
514,6.96104779844948,0.666262356319608
515,5.686537770707697,-2.826718861052045
516,-10.507663354465448,-3.13441538755894
517,-4.7800102626581245,-4.04760875008365
518,1.6182858488745326,1.2590744850341433
519,-10.346602949904907,1.0532342022783652
520,-10.619916133460924,-2.4913339598689226
521,6.239340849361991,1.9705608478998808
522,-4.459749716357051,-2.5787447064412925
523,-0.5845265802453637,1.2974108842620424
524,9.915391569839958,-3.9137023114578557
525,-10.554768558179209,-3.1249799451594953
526,-2.5390803881365445,-3.8009506795395582
527,-1.6035354959812615,-4.384109670188981
528,-1.6463014544774537,-4.272848799936845
529,7.289135229366599,1.324901551927628
530,-10.534700674829136,-3.483692703692874
531,-10.625667116422825,-2.7511036345486612
532,5.696669114860524,0.9122520821765437
533,5.121591486422249,1.9921368497648162
534,5.725596147560933,0.9938681133213652
535,1.8005062897848216,1.4797205127645092
536,1.6036262320744203,-2.757954702907008
537,4.100882814844249,1.151024371627072
538,4.012156297962482,-2.4050747126143652
539,0.5796916067414957,1.2126799830540043
540,2.4906535391076052,1.334621980255648
541,-10.322562303545718,1.9238283232161544
542,-1.6629267245466821,-4.690045057928515
543,-2.192671347254642,1.0030641597088659
544,11.590520032833908,-1.3824278352938182
545,10.213498202167646,-1.4461691239011119
546,-4.685641566603318,-3.978882815801869
547,-4.603909718633793,1.26228591003882
548,1.7736346696410592,-4.09535819495397
549,4.64926244722688,1.7070510372399583
550,-5.272890461111371,-1.251618338123185
551,-0.2749024500456089,-4.107603233007576
552,1.206670584874995,1.247219648668058
553,3.3060877247870017,1.2646623941184183
554,-10.718963686881773,-2.9872117841252055
555,-10.694761969623128,-3.0083331284603756
556,4.693702351089065,1.315515676951303
557,4.931869474839717,0.965951309973399
558,-0.2665707747375376,-3.8942120748345155
559,6.753390200445663,0.940806254345031
560,0.7665050622296427,0.9839628069111064
561,9.736262880662268,-1.5475914155484218
562,2.473878417256275,2.5148458616943588
563,11.153331602484627,2.2872783767531777
564,5.476028631603857,1.2113236587444105
565,5.824818602541787,-0.029301904389393695
566,-10.473974858900181,-3.2368138588037834
567,-10.315272136067826,-1.3570320163046308
568,5.706319437717789,1.3579381437585316
569,-10.473773455386096,-3.5796411865871596
570,3.9807656540398,1.1624208908863374
571,9.774741671993949,1.183121008966209
572,-2.1059781012624437,-1.5504326069965213
573,1.8260941466517893,0.9454116257157095
574,5.18785338865614,1.7159352107134442
575,4.51438518163442,1.8909125596859457
576,0.7381391734412851,1.3701765039850824
577,4.167344582032006,3.3749148163712372
578,-10.538661494618271,-3.0689009381164056
579,-10.371740441016893,-2.0931571984595414
580,-1.6326933519975695,-4.598658518544829
581,5.138636163249027,2.250225546642536
582,-1.6390870087517568,-4.568731460822536
583,4.693702351089065,1.315515676951303
584,-4.199729056194061,1.238310160087721
585,-0.04147773770879483,-1.7492023230469036
586,1.8016353178925801,0.7957986999384106
587,1.3448771899163892,2.1169028248717945
588,5.874216749687633,-2.2895803873969656
589,-10.281742741028909,-1.0309399232584866
590,3.3248428801475876,1.1552802659756702
591,1.0723030112944403,2.707183224843306
592,7.453746764290191,-1.281952759806732
593,7.491997378164958,2.1369418756213188
594,10.48135293604853,0.3234620983229831
595,-10.56371044539929,-2.84322852091557
596,7.276147120571463,-1.8736264826752076
597,5.144167262022234,2.3985042129730156
598,-1.5152702885421037,2.7093179294826277
599,-1.37893501176249,1.0401585480514879
600,3.3289160067757972,1.288499063066097
601,6.320170738701191,-1.6080962164496215
602,3.41841097112526,1.0710286418740984
603,10.071737478033125,2.992269987621332
604,5.408547277540006,-1.5858241258354364
605,-1.5129884910820839,2.7458033098045926
606,1.7949631672973814,-4.2983577426056865
607,6.705510149492503,0.8863355080461099
608,-10.21553807946828,1.820750400645057
609,-1.3444717555449568,-3.2528669307364
610,9.519991111961444,4.473652886394207
611,4.443890081763847,0.17146614033485036
612,6.121706280592584,1.0177040820353531
613,3.40285769388489,1.0875527969525836
614,-1.8251043646031175,1.3145073728633545
615,3.8599985191353623,1.357259711992191
616,4.262820700582068,0.9902542602109876
617,-2.465349813280077,-3.697478993247808
618,5.0987722682254075,1.9872782623042142
619,5.896345487964596,1.2458940638593612
620,2.5748143418915235,0.7428537790937211
621,-10.444493009396865,-3.583931901837227
622,-10.480601309570838,-2.756055079141212
623,2.5465088954585196,1.5142265213013197
624,6.5714499491734095,1.537627805706162
625,-10.170533439456058,1.6712866621517983
626,-1.3972968414079285,3.1503571034281284
627,-5.322228699342414,1.4190345535991
628,-10.447457980414779,-3.2571625101386252
629,1.7588211060234884,0.9113371879851168
630,11.056275154556152,2.5194128870330115
631,-10.439924513532253,-3.194269754649077
632,5.511304730949204,-1.6024225672376031
633,7.751625087165334,1.6578950046253111
634,5.49138516711379,0.6034962365347953
635,3.3275255155133996,1.1969405419779282
636,5.487885931681638,1.0430132691648497
637,4.761381328599874,-0.9142100560750503
638,1.8736777020866295,1.1096383605067517
639,-1.0371718715050033,1.4701219251006499
640,-10.55801814990002,-2.5703926790384406
641,8.49759240903877,0.8318929932333529
642,-10.577698555283655,-3.096943109982696
643,6.7952388233133245,-3.2091876064162927
644,15.972180466371077,1.725785452199079
645,1.7224083170335798,-3.2312685213754713
646,4.1327977265686515,-4.462524008998313
647,-0.3688620453093696,1.4912881500636612
648,-1.681672733391824,-4.6200623619901675
649,5.751245915499796,-1.521987112468378
650,-3.552398454165581,-3.4174429102493673
651,-10.725682198415242,-3.0067099746028614
652,5.615861033561472,1.2461155656479146
653,10.552086633001188,-2.077945183424202
654,-10.603557316940297,-3.3738040213338527
655,-1.5972811829431897,-4.389908926383456
656,9.965211201989424,0.3099110399780759
657,-10.46811617730755,-2.875873667478784
658,10.059611222083364,1.0767233716206859
659,4.142153580436062,1.2147278722831008
660,6.194709400477152,0.8061307726979922
661,7.984313799389485,-3.3263552430185377
662,-0.4665400919611525,-4.507153948565964
663,-0.13158883229557627,1.1066173229610108
664,-2.122076160143248,-2.1317438535139215
665,-10.49860055325075,-3.107148349366471
666,-10.467192826534081,-2.1431842939092323
667,0.6547667693444258,2.0295947769449016
668,1.665802888627434,1.4584858981672388
669,-10.493479325229348,-2.794997223038611
670,-0.2539861069506418,2.8327496781743795
671,-3.3946375006500347,3.3407636036831128
672,12.137447922805219,1.6517667899771176
673,0.16888490433421563,2.4486077783954214
674,0.4239226500072686,1.03241041322576
675,-10.61329240530515,-2.383059976181438
676,-10.259436852628863,1.7025325268812603
677,-1.3545976569736216,-3.1044883315244887
678,11.697833171275951,0.8907337901509327
679,-2.1044328123595752,-2.190375576252744
680,-0.2865207960197487,-3.9836288064252603
681,-10.469204959521482,-3.189979039399009
682,-10.274245358530807,1.9986056626859492
683,-10.317786010268383,-2.3010395982730265
684,-2.267411206828578,-2.3428201782976315
685,-10.472982272626496,-3.1235752802279393
686,6.88144764053613,-1.1803232225392921
687,4.355472621444968,1.1331101869139455
688,11.263305629340493,2.1046054620425414
689,-10.402174329368966,-2.197915331677277
690,-10.496913962257867,-3.1168631801959816
691,-2.1075991994993677,-2.133683164371162
692,-4.380914298369814,-4.260614537808259
693,-1.8119441643371976,1.254948994670325
694,5.33552782824459,1.8341695005266145
695,3.6209592383265132,3.024339874917284
696,10.071737478033125,2.992269987621332
697,-7.243459619319664,-3.0798561753386915
698,6.872792375248724,2.652060926895059
699,3.308855192561079,0.7918475682595145
700,6.7445145120325245,0.6583441698843727
701,-10.345288576198595,-2.388544253496097
702,4.077488306406524,2.447565309003473
703,-0.22084169172972107,-4.060143568003814
704,-4.513787491265005,1.0118744999307732
705,4.884874679109828,1.5380376163191851
706,12.219710631728525,-0.08871353105567066
707,-1.609543846911621,-4.598492305617276
708,5.597331613192423,2.569426910542116
709,-1.3602519287103136,0.8417107812836734
710,1.0804563895569566,2.7799329620131483
711,5.611108519528698,1.1569642965858855
712,6.8427887064671795,1.0565015339523438
713,7.458238653248713,1.7723577260384888
714,2.2696579485916577,-3.8034565471131527
715,1.148984231601914,-4.166209166440093
716,1.2365428392132696,-3.9337518543634986
717,-3.8776236576642313,-3.3998957364586424
718,6.4409066673426905,-3.9092282683167197
719,4.592515235435004,-4.6426332087329945
720,-1.598881224065933,-2.8803582272826076
721,-0.9190646729477094,0.3882494491569002
722,-0.9001947422299974,0.4229711940451176
723,10.544241922131194,-4.643888486622181
724,5.325491232897976,-4.199102802685562
725,-0.8550979994436728,-3.277247972528201
726,-3.8121768880801654,-3.175795697056133
727,0.7945514441355378,0.6178772507171957
728,0.8447488490011619,0.9696342921849124
729,6.38573487966163,-3.7976058324173643
730,-3.5643464598906904,-3.017245933525934
731,3.753086117449154,-3.779979433416568
732,-1.0157759351458149,-0.9538726039135392
733,0.7844472908800706,-1.9917826470088489
734,-3.8828785490734625,0.7654377632286875
735,9.925880521037325,-4.0009490290792735
736,2.0241891493980386,0.7794056226701251
737,2.9705413067097988,-1.603098229369644
738,-2.82453934719882,-3.6269250472921972
739,-0.656643612319225,-3.1855644746974785
740,-2.3359067566356204,-3.9411892255999623
741,7.976743766640292,-3.7639434043810778
742,-3.6017620090604634,1.2367663944908955
743,-3.5732814586201678,1.4683292101962506
744,10.4158711200777,-3.610916804811908
745,-2.768460541237928,-2.8612169423388667
746,5.31413423750505,-4.166838812419884
747,3.11185734766488,-2.517501844315975
748,1.451165374510829,-3.7539273501739467
749,-7.365194454485043,-2.663182676807838
750,-0.6413955732817818,-3.729171188997012
751,-1.7511307618756236,-2.785334748629723
752,-4.833947222326607,-3.6431403547215053
753,4.052961675527624,-3.473255161556011
754,-1.941808351755896,-4.23931443283974
755,1.6156058913938394,-3.300018174366964
756,6.059180352124626,0.6053929387076059
757,5.673703492725619,-2.69951780898558
758,-4.868010187316827,-3.1919767395404026
759,5.087198920809079,-2.4430985697973355
760,7.50137154056653,-4.007125924414453
761,-4.939983504671511,-3.805712083431199
762,0.2580283580058302,0.2367272222816235
763,7.380238698364564,-3.790915371716281
764,-7.41562383139433,-2.931725996404315
765,-3.045343916438784,-0.12373484721703025
766,10.234073424218801,0.4835476479124502
767,0.8502921578193525,-2.4197625757898673
768,-2.562536794360617,-3.7344382578221165
769,1.4978499079935876,-4.242668087365517
770,6.468350832438244,-3.209439238528991
771,6.29891051728351,-3.7381265431062087
772,-1.8751644822554545,-3.7449209361567672
773,-0.5021399228138271,-3.029723861178879
774,-1.8411068110888762,-4.182537595336684
775,7.6916634888302715,-2.4935870129924558
776,-1.8318665888455405,-4.49241819950562
777,10.106053184107896,-3.4653764259159785
778,2.3139464599989186,0.6930301738854255
779,4.058582428771797,-3.9197095482939526
780,7.196181830840709,-3.245393209928466
781,-4.896950042329659,-4.112359358915041
782,-1.6409910560856158,0.641380065269961
783,6.8259663892285705,-4.207946237194408
784,1.2059411450012998,0.8792167637800666
785,0.6855502964537951,-3.2427825630021276
786,2.1712755074861243,0.9126675220786213
787,3.452495858671268,1.9975299936961342
788,3.1834186669313826,0.45730439971118336
789,-0.5414453827609138,-3.924988272323055
790,23.73274055597194,-3.213561358576281
791,-1.7120598505993738,-4.163570505274586
792,8.759600653622266,-0.6365024038811886
793,2.2015552261427698,-4.793974355355314
794,9.800307063480826,-3.8506081509877856
795,-4.011758900618162,-3.667306896596925
796,7.023453571673793,-2.95358844330891
797,-1.7836521886182135,-3.637596598013074
798,-10.706351181130524,-3.29673669187356
799,4.0693379484601415,-4.382077589353086
800,-4.843979173290728,-4.1233135058865775
801,-1.6189647290689084,1.123569358464594
802,0.46914167200736395,1.3092106449146912
803,-1.845162659642118,1.1711102892656609
804,-1.8561215750521476,1.444390632731494
805,-1.604156223166964,0.8274962226599054
806,-1.756164257566139,-4.016785263366691
807,0.5869225347388741,0.49296853796758877
808,-1.7762908555639283,-4.0241310687532605
809,-1.7500071300478088,-3.454221677485881
810,3.1910337705206526,0.5760055674086922
811,-0.399523188128569,-3.2429766676033576
812,0.8447191913897082,0.9437393275196625
813,9.766280963626235,-3.8080323636588282
814,16.89234001334131,0.8208810437397515
815,-2.1196115131201356,-3.9620242524396785
816,2.1481603897336314,2.2861725722989727
817,4.573384858167357,-1.1635651860004745
818,-1.7542939861973648,-4.473406583777266
819,-0.3948728398189063,-3.1096451642046397
820,3.948821480977386,-3.4115258888260613
821,1.2467082235606968,-2.516269469753259
822,-2.484122008739387,-3.3028086902171006
823,6.617545995283725,-3.080143263387991
824,-0.35718934245852835,1.2477301473265274
825,-1.6842062340595345,-3.8302354035160535
826,11.171369242521758,0.6779046724703544
827,1.776918270892074,1.1763299755966212
828,-1.6643443011477548,-3.7089451158562357
829,1.0976217499248417,-3.263697053721094
830,-10.695017634053967,-3.261944526159052
831,5.015020074402514,1.963308526054069
832,-1.5608811428839793,0.8253166905638519
833,-1.6856308426821347,-3.8631541916111427
834,2.7593641180394504,0.9484050718446012
835,1.741472897585652,0.730248356484759
836,5.6242401727105475,1.2511528096248405
837,4.635787822299781,0.5929277825456515
838,0.9046808184260192,-1.1454859694930362
839,-10.717032684750977,-3.3544856394946505
840,-1.6658759271739656,-4.232261805481221
841,4.040654349325926,0.6614659995835587
842,-3.4000664597628076,1.6399331974626241
843,5.703978330312747,-1.2809919938530347
844,-1.6608773981163834,-4.387070696087049
845,-1.8012688456171586,1.0608418539190707
846,-4.8541557030813545,-3.2357989375390654
847,3.3948783104935054,0.5569252159990317
848,5.037054379189447,1.9666200053398304
849,5.041551717001236,1.983815985197283
850,8.293005681096165,-1.8580122396116463
851,-1.7256636638731688,-4.517464008091356
852,-0.42547627467954025,2.46071793719155
853,-0.7097962607293188,-3.2714603467586527
854,-1.771865757662884,-4.1400366496503676
855,-2.4633358333749698,1.292720281474792
856,-1.541468504723409,0.41903900605209565
857,4.1668900315591655,-1.4552569325996425
858,-0.2535801697116518,-3.183901498504564
859,7.0605830981401345,0.2749482229836316
860,7.705012971420529,1.7169380266662777
861,9.125830888779001,1.0364781716518805
862,-0.32859165448483535,-4.077198968972137
863,-1.73965608025756,-4.779985998709084
864,9.122994361884292,-1.4825414432263018
865,2.8624054121064613,1.038310009032402
866,-0.31765728167382057,-3.9905764345393617
867,-10.633490716294395,-3.112933929136248
868,2.506407779576975,0.9253028545861194
869,-3.54402791346987,3.185290062552208
870,-2.6013550522682825,-3.8334773105326954
871,0.6476335014531919,1.222765201157555
872,-2.3909540064988817,-3.3545216099484576
873,4.07515870974688,-3.6794300750088205
874,0.37467528833623015,-3.0758252179298506
875,-1.3336740454095128,-3.4307532552466036
876,0.2514593811490438,-3.9631671342409867
877,-1.3592319236658874,-2.5585216141030553
878,0.9179539737045028,0.43203995461029765
879,5.537414338573739,-4.002478267784135
880,2.3795217932797423,-3.233701906796475
881,-0.7462012903914952,-2.587458297393368
882,-7.669748094180665,-2.997152998510274
883,-2.2141768662377297,1.3814035488961782
884,9.821445276074469,-3.8790874780872615
885,6.895421657018128,-4.689745681052208
886,-0.5823643930037634,-3.5645327753536176
887,11.681841188928304,-3.4923569267791494
888,3.4820888225146476,-3.3156782719872933
889,6.050036271882062,-3.6189306435331625
890,-3.6491700753341587,1.0366727309218864
891,-3.62566150420684,1.2398800204135287
892,-2.049312246155813,-3.712715353983931
893,3.452495858671268,1.9975299936961342
894,1.4740598605213033,-3.4330685741303575
895,2.260363530795941,-3.67544058466129
896,-0.47579723637301624,-3.7408984995448114
897,-4.956289124017058,-3.457360607995962
898,-2.035381541455617,-3.811628807258999
899,-0.46732716853613315,-3.75786066448056
900,1.9892328856304013,0.3733316642192643
901,4.805896768644732,-3.133789243579581
902,-4.864197141083411,-3.2894878625458723
903,4.319702201841295,0.5746484885891897
904,3.537297465901492,-0.1957234469087267
905,4.882040540913106,-2.5467779659844587
906,7.462375463278712,-1.909917881790405
907,-1.8282452563986773,-3.9595074586085572
908,-0.4996254466788482,1.037160050975013
909,-1.7973818144312201,-3.6226705679731244
910,0.2777753938995432,-4.745889380208744
911,-2.1244448700852496,-3.7328556446597645
912,1.4023931778535959,-3.862221746437439
913,-3.785695204433959,-3.9694687578346284
914,-1.842589065072533,-4.348245958415336
915,3.5938128182249516,-0.12174520713908094
916,-1.7356967636927825,-4.232870848855537
917,-0.4085571768313062,-3.2908495741027477
918,-4.602582084471193,-3.987067355153651
919,-1.5945059003096995,1.2731822842418932
920,1.8339971583785768,-2.7430177228907575
921,-1.5182516313550891,0.5454650073613545
922,-1.758430560624198,-3.971307156975635
923,-2.5009745289105743,-3.839305224358752
924,1.6310597753181755,-3.82735248881949
925,6.456421149278779,-3.7645862860114425
926,4.853165653432386,-2.3503404818457225
927,3.7751004439891296,-1.490154492927981
928,-1.6853532769257553,-3.985096661102768
929,-1.7009743734767044,-3.9322604659936946
930,6.009082563538413,0.1479270881976252
931,-2.406007348205217,-2.8539859969297052
932,4.667670374609133,0.6926730909828297
933,-1.1459294170614671,1.547600842277187
934,-1.3395748811862915,1.4130067734915004
935,-1.7326896141067685,-4.103624637805203
936,-10.590995748550714,-3.1409437715582236
937,-1.8291749720556096,1.534542986981817
938,1.6574798689255488,-4.418725803457961
939,-1.74751114350853,-4.566436043887573
940,8.969156898700389,0.1825848213411169
941,-10.668205814386729,-3.2744161339472386
942,1.1587159763768546,2.880227949209151
943,-0.3423808365565839,0.9516570115218388
944,12.558172404874526,1.2520978025367064
945,8.079145160668817,0.30970396219972557
946,5.854361510071276,-1.537398693657643
947,-3.62334505042335,1.3108281954281191
948,-2.4259846140276182,-3.663805696621998
949,-10.609736187758003,-2.498897642051724
950,-4.780930510427409,-3.9119527719460443
